customer_id,default_probability
2,0.1961016820558201
3,0.25096769052770435
4,0.8549865263207521
5,0.22950871214331012
9,0.6014974482638783
10,0.6252542486219655
16,0.764032519114943
34,0.47193945386769953
36,0.39161534139775506
38,0.35742048422889566
40,0.41643779949836224
46,0.19214364099635753
53,0.22765668300485753
54,0.6877963629347429
55,0.13734138459986125
60,0.8658118785285663
64,0.767275529368805
66,0.09484913420821171
74,0.68722473323597
77,0.2766159288815424
94,0.42119764820811223
98,0.06843309316251575
114,0.3889095945075826
116,0.15620392423907267
117,0.681653952858506
119,0.2949604276288258
125,0.6935685138299077
126,0.6718449282009414
127,0.7566100500186278
130,0.22221531810302697
133,0.4313253941630579
137,0.7140853103625543
143,0.08419165422907705
145,0.2407394069670981
146,0.5792201482845922
148,0.28496016507318633
153,0.47766807341911066
154,0.13255506008435997
160,0.040213895543435366
161,0.3535124229475944
164,0.7493330640289735
171,0.38992440461521893
186,0.3610701453046957
189,0.43920565961283187
190,0.5095208468248581
197,0.43505475027818513
200,0.24559289167408122
201,0.22890961373138066
202,0.4195077586575549
206,0.505274774231244
215,0.14531923513978984
223,0.6635771604934926
224,0.3753229180279912
225,0.5828289453290314
232,0.08118601837986326
235,0.8679546782064687
236,0.07862520975130682
241,0.27964227856408047
242,0.5846297950107797
244,0.22890961373138066
249,0.401888530543141
253,0.279117317314565
255,0.8631416627463578
260,0.5474372118979552
262,0.31937713037865567
271,0.7274384602367655
280,0.2646593696644038
285,0.7397344856517413
294,0.7186983877289358
301,0.16536514656165952
302,0.21714391000534844
310,0.3011542266207235
317,0.6180618207594839
320,0.5101857698936101
327,0.54341545616264
329,0.5373663817550246
335,0.25308065404900376
337,0.6255135916999857
338,0.2559602154736536
341,0.7656922410495204
345,0.8111285779424051
357,0.22890961373138066
362,0.14455421385065478
364,0.6861949080436245
375,0.5494342587383809
379,0.47137213463015215
384,0.2124258527820109
385,0.5704358470540045
388,0.20128623003189813
390,0.41257122221065895
391,0.17408263442932237
395,0.6531968469916083
400,0.28276173208638716
404,0.014617386411820078
412,0.7262467506316339
417,0.03956330718026624
419,0.1730459730877053
431,0.11858606738462261
441,0.3419789238399481
454,0.1730459730877053
455,0.7106043141267635
466,0.17798429099007396
467,0.22267552633130827
470,0.6620461448283871
474,0.6389409798522284
477,0.07497861531915895
481,0.68722473323597
488,0.2472476778871868
492,0.14455421385065478
499,0.44125484522561265
502,0.14943817570448767
504,0.2346511159948168
510,0.6729685422605716
512,0.3517136634008493
513,0.7000417106749293
523,0.43920565961283187
524,0.15285677180008497
525,0.25096769052770435
536,0.6163665875034854
537,0.1958800852027405
539,0.48358176505699585
545,0.5296821192205661
556,0.2646593696644038
559,0.049391676285135834
562,0.22765668300485753
563,0.041758252193501245
569,0.7106043141267635
574,0.24074555946066822
580,0.8352217527776836
588,0.407932482818592
595,0.792075618232075
600,0.4730415804561992
603,0.5977420419595396
606,0.2757968996189844
608,0.13734138459986125
609,0.16851379166488434
614,0.36570802982703093
616,0.07440707396144507
623,0.6734521861378379
628,0.48530265123249655
635,0.5504435062043307
638,0.47193945386769953
645,0.18497602531828694
646,0.7156913779500164
659,0.023804532219412294
663,0.418685339236976
666,0.4002325179235618
667,0.7194217203141609
671,0.668423427335463
673,0.8998395224336869
675,0.3427927133686479
688,0.27700889315542954
698,0.424294720913907
699,0.5131134211144481
704,0.1039252386036376
709,0.12015285722823714
713,0.7106043141267635
716,0.04750832216247989
717,0.30687178092345635
722,0.5697409244497373
723,0.3128586313144872
726,0.7096882368408771
728,0.011616623058759313
732,0.12744124012735392
738,0.8321701060585588
740,0.0352492021468598
750,0.15620392423907267
753,0.5600436547251215
760,0.05811017917918437
766,0.32237813025137996
768,0.5808037183198306
769,0.776588693395797
770,0.6487910110040572
774,0.7777072190186423
775,0.04655586306417761
784,0.6579356905815157
793,0.6976633058652558
795,0.3137657181142595
797,0.37695257413677813
804,0.22765668300485753
806,0.5756836696063093
813,0.6939673264325934
814,0.17952615507742206
815,0.22221531810302697
822,0.21714391000534844
823,0.01938736418902132
824,0.6381197542171582
825,0.8410117531228505
826,0.27517211182934537
827,0.7417597780030322
830,0.5475981117616951
832,0.5480189464392903
846,0.47726615416409685
849,0.7681993929308153
851,0.29820734629548257
853,0.8628270523591735
854,0.4530764459526677
860,0.2269137659089899
863,0.27665959059240075
870,0.0645321099194902
872,0.28886482977722483
876,0.6101703527942871
878,0.8677419406426675
884,0.3857079621620261
892,0.1827030373551591
894,0.4511062507200068
895,0.04378892240981708
899,0.17810415015032371
901,0.3143624502245135
913,0.7383951936755476
914,0.20128623003189813
918,0.502766326841711
919,0.5969058665372731
920,0.0973891951783332
922,0.794238514827986
924,0.6645674139921075
928,0.8679546782064687
934,0.5846297950107797
936,0.15633601923881346
938,0.5750742551189562
943,0.6612381457560177
946,0.30206372159631745
950,0.5699001246775404
951,0.815253719513429
953,0.11729273888037567
954,0.6812851810175201
956,0.2328723909795842
959,0.24559289167408122
963,0.10643529276648049
966,0.0163325855991511
971,0.43039736077921814
974,0.10910050565329012
975,0.6394391069963108
980,0.11469839699970986
983,0.7669863605990087
984,0.17624866695319352
987,0.10643529276648049
989,0.27454880937259524
991,0.5331243289585557
992,0.16727656593309098
995,0.027889983126236362
1007,0.6423082190733888
1012,0.28496016507318633
1015,0.34376509848996917
1016,0.4396241415257846
1021,0.030542912214137963
1028,0.8010766199808212
1045,0.4075255822921711
1059,0.5092825352897997
1060,0.5494414912880584
1062,0.8366321790475901
1063,0.5420999522155693
1065,0.2453421324096685
1066,0.11850267156397527
1069,0.3488318680260138
1076,0.37158999708276935
1077,0.8553391636979358
1081,0.37321996284185416
1082,0.6381197542171582
1118,0.43631897111691165
1120,0.38143440831432945
1122,0.5430495244702727
1131,0.14314065515309868
1136,0.3305401694182452
1139,0.38463445669539276
1141,0.41655893802284893
1145,0.2703188805174026
1147,0.47142955931710817
1148,0.4620487385294145
1150,0.10274351980499236
1154,0.13080569394391067
1155,0.07221033542654547
1156,0.7869841991750323
1160,0.27665959059240075
1165,0.6252542486219655
1166,0.2889168158916983
1167,0.046977977185453865
1169,0.09462196559090282
1182,0.33557486157344046
1184,0.6180618207594839
1191,0.7081516693675836
1202,0.7103123218539967
1205,0.12285345198697592
1214,0.399544516951527
1217,0.07881285992378102
1218,0.07125523486572082
1240,0.10324687593852577
1243,0.34439674913431595
1248,0.34116638807659977
1250,0.04378892240981708
1252,0.15588186332048093
1254,0.7904076372338312
1256,0.019117876062538935
1262,0.1564940492004952
1267,0.36487044552296277
1275,0.14455421385065478
1276,0.4875325120299728
1279,0.4631717155799872
1282,0.5316016530832325
1285,0.2171276890468799
1290,0.37805697530371185
1291,0.8595545698560206
1296,0.10407911858879856
1300,0.3594637879044882
1301,0.601549980434514
1304,0.37136735229203016
1306,0.025398746152414216
1308,0.5550310586291479
1311,0.592438449470198
1312,0.5420999522155693
1314,0.709249972457133
1318,0.9140695140990344
1324,0.3927670280034597
1329,0.10342948744405306
1331,0.36570802982703093
1332,0.5257689163118041
1333,0.28024716921830695
1341,0.18116191740218895
1342,0.8728364002416107
1348,0.12621205784434578
1353,0.4900655917283522
1355,0.23000103649584028
1358,0.031606524437431276
1363,0.6219405776841033
1365,0.5874008321647498
1369,0.8183558570605951
1380,0.5569744526947826
1384,0.5581250264309231
1386,0.4013546440166643
1387,0.3202158669388078
1388,0.6222283264367847
1389,0.25096769052770435
1396,0.27022626599008237
1409,0.043455062238539836
1418,0.6229379290928269
1445,0.47143794675722217
1458,0.027697805797808527
1460,0.8030738533124373
1463,0.58653620082522
1466,0.5569744526947826
1470,0.7806318876052791
1478,0.01077927579399564
1481,0.38939754860523723
1484,0.12621205784434578
1493,0.20329786606101505
1495,0.03356478523124136
1500,0.603792661646603
1516,0.8382693500621641
1521,0.6061672410554733
1524,0.568880031311785
1527,0.06160559488142114
1528,0.4077756310371301
1529,0.802350687165506
1531,0.15642169962224794
1540,0.021913343944893787
1542,0.5254422731115871
1547,0.416499297897089
1555,0.28886482977722483
1560,0.4075255822921711
1568,0.04378892240981708
1570,0.25650382708222186
1571,0.2495765882577829
1573,0.767275529368805
1574,0.15195530522394926
1581,0.016068568492584867
1585,0.3299840895075156
1591,0.708196962650067
1596,0.8725601329437035
1597,0.664550899561358
1603,0.794238514827986
1604,0.3559164897962672
1605,0.3766990780410477
1619,0.8183558570605951
1622,0.3309015493460303
1625,0.39424201070390724
1631,0.6077594848691077
1633,0.8047103080983319
1635,0.20128623003189813
1636,0.5038151976077601
1639,0.6918457908758067
1640,0.42401964028913386
1645,0.5187846742616599
1646,0.029858521943499236
1648,0.4121313452883629
1663,0.19750976205266688
1664,0.2487462249346642
1668,0.5471017632579636
1673,0.7000487785879068
1678,0.48710806745436386
1679,0.5572334737947584
1680,0.07754284260933123
1682,0.17717674591837468
1685,0.5166299276689288
1686,0.5711414467624343
1687,0.7107096561120545
1690,0.48470117081696906
1693,0.25096769052770435
1696,0.5977420419595396
1704,0.2752820962156983
1707,0.2144288036728983
1708,0.07708720304985288
1711,0.3933385778947122
1715,0.22267552633130827
1716,0.541317324692629
1719,0.6347722004997879
1722,0.45607405897028525
1724,0.7369383815758201
1733,0.14455421385065478
1734,0.4182567537813339
1750,0.5234084849407791
1753,0.17607350837472938
1757,0.6977585092041982
1759,0.7369874362000182
1761,0.6550133920464889
1762,0.16275660285920704
1771,0.6596432035118817
1785,0.17563476631937927
1792,0.8172341110614891
1794,0.5036066591244439
1796,0.5657232787734927
1802,0.3452121200822232
1804,0.11562349897532116
1806,0.25168550374520804
1810,0.2301877808511299
1816,0.29289839616776725
1819,0.934555892034192
1823,0.4140004247425066
1824,0.22267552633130827
1827,0.1026111399567758
1828,0.25650382708222186
1834,0.36559500566674635
1838,0.668423427335463
1841,0.3563418275868964
1843,0.47142955931710817
1848,0.3933385778947122
1852,0.36974751284027424
1853,0.1096934160763711
1854,0.06907867949501824
1856,0.025398746152414216
1857,0.1537285612875571
1863,0.023413542586677983
1865,0.7769717539858554
1868,0.5601634969237942
1887,0.12621205784434578
1895,0.6702750226522055
1899,0.4182567537813339
1901,0.7410285299405036
1906,0.7040793284915223
1908,0.2725219172115078
1913,0.4339244817754439
1914,0.28229294203778066
1917,0.6389409798522284
1920,0.6391677580405438
1930,0.21017655880442035
1931,0.06160559488142114
1933,0.3156366314761258
1944,0.22414637774543128
1955,0.21920684185279599
1958,0.6528836629205839
1959,0.08299364990603236
1968,0.041086254177381834
1969,0.46093621189832756
1970,0.2862594891235238
1975,0.020517094468663215
1976,0.8852818805795004
1981,0.4810656226452227
1982,0.7028027402678616
1984,0.5227312494509456
1985,0.2124258527820109
1986,0.020517094468663215
1990,0.231451017946525
1994,0.6347722004997879
1996,0.5721153016614905
1997,0.5483734819750063
1998,0.30338827306412264
2000,0.43754192855158547
2012,0.20186851466857664
2017,0.6174335290517817
2026,0.8525649627757333
2027,0.14037303634048795
2030,0.5651657692255722
2032,0.8906346487300731
2033,0.691984236488802
2035,0.16851379166488434
2038,0.5824022363186477
2039,0.7347923505001929
2041,0.30158503321308466
2047,0.19330199320046682
2048,0.22890961373138066
2049,0.8194035726231924
2050,0.33511879873464595
2051,0.22963355359018442
2055,0.6606109338091327
2056,0.7559038631536127
2058,0.34116638807659977
2060,0.6394391069963108
2061,0.6825580979024904
2062,0.5476444950114098
2064,0.027645408071198294
2065,0.1618208441902344
2070,0.4348124902190427
2074,0.536711651630729
2075,0.34116638807659977
2076,0.10340713452916671
2079,0.8414126925228574
2081,0.22240432723353556
2082,0.4875325120299728
2089,0.5008551397413913
2105,0.5216758112344729
2106,0.3270818559177531
2108,0.8440046826319944
2109,0.3512290120049539
2116,0.5634666270835373
2120,0.257668239067993
2122,0.760605847767256
2125,0.13778808026587208
2128,0.668423427335463
2129,0.22950871214331012
2136,0.03136543496389109
2139,0.30291003835014335
2141,0.029858521943499236
2143,0.12255762965284511
2150,0.41325916601631096
2151,0.6774015211364272
2152,0.2462938710391349
2156,0.7098912862953285
2158,0.7763232716832168
2160,0.27022626599008237
2161,0.09484913420821171
2162,0.8339417907008143
2165,0.7729763659216856
2175,0.32308120419151537
2180,0.04014768507351926
2188,0.47816793662316925
2190,0.22194075491545495
2192,0.5765340219879095
2193,0.519208478298233
2198,0.37158999708276935
2200,0.7142991545738534
2203,0.3763345332990389
2204,0.2298560195372559
2205,0.6394391069963108
2214,0.7274384602367655
2219,0.16275660285920704
2234,0.7669863605990087
2237,0.16275660285920704
2243,0.17952615507742206
2255,0.05373052403140696
2261,0.03822470615305955
2262,0.7066725988580599
2265,0.741627154698953
2278,0.14607161197339072
2286,0.6222283264367847
2294,0.6532337860096805
2296,0.34658277880150784
2300,0.5414597164916947
2322,0.8889689150301855
2324,0.15620392423907267
2326,0.40862051159457174
2327,0.6939673264325934
2332,0.321502648398046
2336,0.6335853203945301
2343,0.3135120947345893
2349,0.5372390184099752
2362,0.23685241224919343
2363,0.09211597277953597
2368,0.9154559177666296
2371,0.48388743273453944
2376,0.4396241415257846
2383,0.5642238009020575
2385,0.6377711597696668
2386,0.7931456116996902
2391,0.1730459730877053
2393,0.3722115175045773
2396,0.4077756310371301
2397,0.05258554602421621
2403,0.20172524398813002
2419,0.155470411756756
2421,0.27517211182934537
2424,0.1856500513531613
2427,0.10324687593852577
2433,0.3980144789001766
2435,0.4866955192867335
2443,0.5800925861656613
2444,0.6515650543700033
2449,0.22417878732335536
2454,0.2394647735454309
2455,0.7154907610536642
2461,0.14296739675390188
2466,0.7359519865978327
2469,0.321502648398046
2472,0.7445761039716464
2479,0.47700425870716967
2482,0.6014893243938664
2485,0.3789881664712064
2489,0.2889168158916983
2490,0.07171619920202559
2491,0.2368514954540788
2502,0.35742048422889566
2504,0.407932482818592
2508,0.47143794675722217
2511,0.8560992780996619
2514,0.09484913420821171
2524,0.8462040512137525
2537,0.08066947523094335
2538,0.5361323914768816
2539,0.48358176505699585
2541,0.5364665380001467
2546,0.04655586306417761
2551,0.22267552633130827
2553,0.018414513399028522
2556,0.43169621327723584
2557,0.7748522692637805
2558,0.5248816917620478
2560,0.15939629346856346
2563,0.2453421324096685
2565,0.13734138459986125
2568,0.025158243373018932
2573,0.4437097291948728
2590,0.34676985715319436
2593,0.3305401694182452
2595,0.062062245161900724
2597,0.14123384664657423
2599,0.7361434962784913
2604,0.36990394548318734
2612,0.091398685015718
2613,0.4061881182421349
2616,0.7983861434594735
2621,0.021301862006979765
2624,0.596897767692524
2625,0.3763345332990389
2626,0.592438449470198
2632,0.28496016507318633
2635,0.2298560195372559
2645,0.14289319511822982
2657,0.20128623003189813
2660,0.25781909131398123
2667,0.7088916981608561
2674,0.47193945386769953
2675,0.396371409131306
2679,0.4083428642884364
2681,0.5074645360737461
2682,0.47701265582171515
2690,0.8214970578004306
2693,0.5101857698936101
2695,0.12015285722823714
2701,0.07147246058505692
2703,0.36974751284027424
2708,0.6696893423302097
2709,0.44906185625825085
2711,0.10340713452916671
2712,0.6256522286247096
2713,0.34376509848996917
2717,0.5593921045539241
2719,0.6212930291141376
2724,0.25958600894706435
2729,0.416499297897089
2730,0.17003489737412458
2731,0.24192364148038553
2733,0.17834779774246787
2734,0.6472108434926789
2735,0.2215907284991236
2736,0.16278877724342974
2737,0.45412247175378073
2738,0.5651657692255722
2739,0.20649872657687648
2744,0.9080494143774448
2745,0.5637676650138831
2747,0.15588186332048093
2756,0.7369383815758201
2761,0.8410117531228505
2762,0.11022892688724209
2766,0.3705243086037729
2768,0.6230083443671026
2769,0.47816793662316925
2773,0.0352492021468598
2774,0.808016724175935
2777,0.03993587526514542
2779,0.31697158150241705
2782,0.5173297806928199
2783,0.7261979594211441
2786,0.6979514414003757
2790,0.6174335290517817
2797,0.26110068423761196
2800,0.15195530522394926
2806,0.3307247803655531
2808,0.5349828235565246
2811,0.27655573242263254
2814,0.32261637307243024
2816,0.07214422511813257
2824,0.19490137385567477
2831,0.8018542359431629
2832,0.12296982640193463
2838,0.321502648398046
2839,0.49289005132519764
2849,0.12285345198697592
2853,0.08045689853797511
2854,0.5873368201323186
2861,0.7873708554073149
2866,0.8208396448933528
2869,0.5361323914768816
2870,0.8276474810224119
2871,0.47766807341911066
2872,0.39260533254036034
2878,0.652385279763044
2888,0.17408263442932237
2891,0.49289005132519764
2896,0.07242993942804846
2898,0.7187711317181492
2901,0.6083338224867344
2904,0.6423082190733888
2911,0.14188405221289574
2912,0.3980144789001766
2914,0.02307041258011737
2919,0.04295727976562594
2923,0.22239850616996054
2928,0.25781909131398123
2930,0.8225543866649254
2931,0.21714391000534844
2933,0.822505751798538
2935,0.08943294192076864
2938,0.6347722004997879
2947,0.505274774231244
2950,0.30186687312230764
2953,0.2044747423622142
2956,0.7812420114698199
2958,0.06225039900298484
2959,0.17003489737412458
2961,0.4083428642884364
2965,0.5049932311032649
2967,0.9285263729604966
2969,0.418685339236976
2975,0.18373339305823225
2976,0.21476646098362637
2982,0.18925917767560818
2983,0.3358948717997616
2993,0.8931844167943634
2999,0.3360322531335631
3004,0.5280809525475001
3005,0.303019648172463
3009,0.27628562120172256
3019,0.9255894517044085
3020,0.19330199320046682
3028,0.08179755631206867
3030,0.2193315766347167
3031,0.32261637307243024
3037,0.13635755851088494
3042,0.4240278609000059
3051,0.6539399138125731
3054,0.017551712574253135
3056,0.7096882368408771
3057,0.22981122599095113
3059,0.2766159288815424
3060,0.3278520770366455
3067,0.34676985715319436
3068,0.72545270478002
3069,0.9217285364455391
3072,0.3517136634008493
3073,0.3642072097930476
3079,0.8574057269675505
3086,0.36740228120954044
3087,0.46093621189832756
3092,0.6394391069963108
3099,0.5381883700081866
3104,0.21920684185279599
3108,0.7194546351075665
3110,0.06055183392977768
3111,0.4430215177072475
3115,0.6180074182892279
3117,0.7066725988580599
3118,0.3705243086037729
3120,0.552459516098256
3122,0.16536514656165952
3124,0.5795197251736168
3136,0.3351262986193532
3140,0.36763181811893614
3141,0.4083428642884364
3146,0.28314861256339047
3147,0.5809118307203546
3152,0.6580187342641662
3156,0.5182202599679221
3157,0.23512399355944663
3160,0.27650892741580246
3170,0.4607456115614484
3171,0.1766836227617449
3175,0.17727002319351534
3177,0.026323835772478404
3180,0.5611726327076413
3183,0.6532261614110266
3186,0.5092825352897997
3190,0.38250704916256006
3191,0.7363272079335927
3202,0.6914533109432376
3205,0.6979514414003757
3212,0.6926510366417161
3219,0.6635771604934926
3222,0.472505603807942
3223,0.5361323914768816
3228,0.25958600894706435
3234,0.09484913420821171
3236,0.1347124126504117
3239,0.2301877808511299
3241,0.09280990157127002
3242,0.3517136634008493
3251,0.48710806745436386
3255,0.6156261281806792
3261,0.5325015171597234
3266,0.5320027609847335
3267,0.9080494143774448
3272,0.14943817570448767
3278,0.4792443073456498
3280,0.23853988553260747
3281,0.4188628419137749
3283,0.22703021073994245
3284,0.47143794675722217
3287,0.27665959059240075
3293,0.4769000595546576
3294,0.4593531615771146
3300,0.5859831794830717
3301,0.5600436547251215
3302,0.20128623003189813
3304,0.05928527959911949
3310,0.5156039248948637
3314,0.039834438745005855
3324,0.13778808026587208
3325,0.47193945386769953
3327,0.8194035726231924
3329,0.3427927133686479
3330,0.30141897313568095
3335,0.8382693500621641
3342,0.5359851894636243
3343,0.03139646510033832
3345,0.18497602531828694
3348,0.46316041570631666
3354,0.30687178092345635
3356,0.12792557601422247
3359,0.08118601837986326
3363,0.3950974429805106
3367,0.279117317314565
3368,0.21541797477255384
3369,0.17798429099007396
3373,0.3797306803408081
3374,0.025398746152414216
3376,0.0909157879543374
3385,0.15642169962224794
3387,0.07949188801543429
3389,0.408399419012461
3391,0.24105622797033785
3394,0.7261979594211441
3397,0.5257773667867798
3401,0.25461786772376854
3415,0.47193945386769953
3417,0.03786918218687403
3419,0.44906185625825085
3420,0.6729685422605716
3421,0.5378964080076735
3430,0.21541228590968467
3432,0.6423004857912873
3436,0.27098242996809024
3440,0.30003972921395117
3444,0.05928527959911949
3445,0.8311583125673415
3446,0.7219638854081298
3448,0.668423427335463
3449,0.22765668300485753
3451,0.4195077586575549
3452,0.6292703703502809
3457,0.30158503321308466
3461,0.3492594279022717
3462,0.7182281986942141
3465,0.4879959669939236
3472,0.385678905013914
3474,0.6070615045336358
3476,0.5005534098813278
3486,0.2462938710391349
3490,0.45607405897028525
3495,0.16446246503671705
3498,0.15018056228353022
3500,0.6047562852038623
3502,0.13635755851088494
3506,0.8253637797982158
3507,0.5409991369524946
3508,0.20128623003189813
3510,0.70392821951064
3511,0.6014216417365291
3512,0.2528154247732986
3514,0.8462040512137525
3517,0.6482661652303867
3521,0.1731131818676151
3522,0.5800925861656613
3526,0.5475981117616951
3530,0.15480764052782545
3531,0.017051184243013058
3533,0.14295320227222943
3546,0.24988286777096708
3549,0.0437564653258889
3556,0.6957640404498122
3561,0.9242672314208502
3564,0.4879959669939236
3569,0.41984407271913493
3572,0.13274445339673704
3577,0.3610701453046957
3579,0.27102572828732047
3581,0.7584556145280952
3582,0.25096769052770435
3584,0.668423427335463
3587,0.06160559488142114
3594,0.2752820962156983
3596,0.8906346487300731
3597,0.6620461448283871
3600,0.5159096125077711
3602,0.0497270105770258
3627,0.39682600766078907
3629,0.14455421385065478
3636,0.623005316127823
3637,0.10959375817759737
3640,0.7251050556157179
3642,0.17834779774246787
3643,0.049391676285135834
3644,0.03782038994868885
3645,0.38939754860523723
3663,0.6301302547507626
3672,0.8339417907008143
3675,0.32007450937098697
3677,0.14676427204548495
3681,0.26160980563640296
3687,0.8235583891256552
3695,0.14037303634048795
3696,0.06160559488142114
3701,0.5906922522649106
3709,0.7986898195411276
3713,0.05460083715931669
3719,0.017551712574253146
3723,0.5355592771875551
3726,0.22765668300485753
3730,0.6212930291141376
3735,0.1941078115915943
3736,0.8311583125673415
3738,0.863848148119494
3741,0.19357421557921012
3743,0.472505603807942
3744,0.15642169962224794
3746,0.24514600376707285
3748,0.0909157879543374
3756,0.3490487689197277
3760,0.15642169962224794
3762,0.44192656889974397
3763,0.8701830191383386
3766,0.20128623003189813
3769,0.9438918300152619
3772,0.7720235975128594
3775,0.3419789238399481
3776,0.30297356884685306
3777,0.43920565961283187
3791,0.2688957137398168
3797,0.017551712574253146
3798,0.3933385778947122
3810,0.2889168158916983
3812,0.25461786772376854
3818,0.2645183625955148
3823,0.8660582373464415
3840,0.3610715269130111
3843,0.5095208468248581
3845,0.3953584126585341
3847,0.25078812895853997
3850,0.6862446652548769
3851,0.6252542486219655
3853,0.3417246225268258
3854,0.4224196291441306
3863,0.13635755851088494
3876,0.3077257476514049
3884,0.8679546782064687
3890,0.12809454303795284
3894,0.6620461448283871
3900,0.521272488429757
3913,0.40862051159457174
3920,0.5227312494509456
3923,0.20435964782268248
3924,0.3754810524211816
3925,0.45024758840163237
3930,0.27517211182934537
3943,0.19750976205266688
3952,0.2889168158916983
3953,0.16275660285920704
3959,0.44092533728108624
3962,0.34198969921766903
3969,0.8044645529118793
3972,0.2850594620206507
3974,0.5275085818076618
3981,0.29996841568286253
3983,0.03932101334313033
3987,0.17003489737412458
3990,0.03636238136934096
3991,0.760605847767256
3993,0.2301877808511299
3998,0.8609354475806411
4000,0.2290831564726224
4007,0.4387989722568295
4014,0.6315054841597071
4018,0.4182567537813339
4021,0.22267552633130827
4027,0.18381582082367146
4029,0.7237287600066058
4033,0.6109077446441424
4036,0.7251050556157179
4042,0.5475981117616951
4045,0.5265531692196973
4052,0.8120628011763975
4057,0.505274774231244
4061,0.13323570173585716
4062,0.9108108049352956
4064,0.8426365081587717
4067,0.09484913420821171
4068,0.19330199320046682
4069,0.7154907610536642
4070,0.72545270478002
4079,0.7824746458659841
4090,0.7088916981608561
4097,0.7044478105573916
4106,0.7656922410495204
4107,0.6497931891107451
4111,0.35657118516864755
4115,0.3549819094929122
4117,0.11987958735723628
4120,0.5699001246775404
4123,0.013593138694607815
4124,0.057210102675661886
4131,0.7143195365299907
4132,0.31011951588437475
4133,0.4196197569103212
4134,0.13778808026587208
4135,0.323798060388965
4136,0.43742636694886045
4138,0.3258135212293826
4142,0.33345175034942454
4143,0.5865164254282841
4146,0.8440046826319944
4150,0.36387106015899284
4156,0.7164667954974924
4158,0.5899967950362103
4164,0.09512905098482333
4170,0.48668711034116685
4171,0.1730459730877053
4175,0.20128623003189813
4177,0.6877963629347429
4178,0.4073937105665255
4185,0.6335853203945301
4186,0.5587391292444631
4188,0.0909157879543374
4191,0.9177641705392188
4193,0.31011951588437475
4197,0.6116273267726678
4199,0.5156039248948637
4202,0.5657232787734927
4203,0.20356545881772617
4206,0.3086843380614279
4208,0.3722115175045773
4212,0.5325015171597234
4218,0.15633601923881346
4223,0.5906922522649106
4225,0.37929653384043444
4226,0.06160559488142114
4227,0.8601592489350444
4232,0.06070269103758434
4234,0.46093621189832756
4242,0.8472267461759102
4243,0.5873926743560823
4249,0.1251580995038342
4255,0.47816793662316925
4261,0.7074224517187266
4263,0.7096882368408771
4265,0.5601634969237942
4268,0.4334561005227452
4276,0.7824746458659841
4277,0.057023233661771505
4278,0.5568713850551051
4282,0.051690721588770326
4285,0.3789881664712064
4286,0.3610715269130111
4289,0.3419789238399481
4297,0.04267266926932696
4298,0.30338827306412264
4300,0.03636238136934096
4311,0.5227312494509456
4312,0.7869841991750323
4321,0.6926510366417161
4324,0.19080994920215874
4330,0.3351262986193532
4341,0.24120051473540308
4344,0.6734363149575829
4345,0.5690257269456918
4346,0.41393357754472043
4360,0.07900538600707961
4361,0.3360397631290619
4363,0.006701892648588115
4364,0.8183558570605951
4380,0.45649952921840614
4388,0.47766807341911066
4389,0.028777688720335568
4408,0.1039252386036376
4413,0.20128623003189813
4415,0.6344387597302925
4422,0.214656954267352
4425,0.4913933269032028
4426,0.4409505394047757
4429,0.8093529907019511
4430,0.7546302854850464
4432,0.934555892034192
4433,0.5545619273070282
4435,0.3329269218309724
4451,0.8018542359431629
4452,0.4143451660897114
4455,0.3347781632637854
4459,0.18097933804059965
4460,0.07575225759936559
4465,0.649015588429707
4468,0.8728364002416107
4469,0.7106310622144425
4474,0.28618241515504333
4484,0.17798429099007396
4485,0.3427927133686479
4488,0.22890961373138066
4491,0.15642169962224794
4492,0.2280934883000734
4493,0.28024716921830695
4494,0.34439674913431595
4495,0.39682600766078907
4496,0.15195530522394926
4497,0.4339783168013628
4499,0.031081647211302098
4501,0.33151620185201425
4514,0.4038642819248484
4521,0.36974751284027424
4524,0.15642169962224794
4530,0.8143043564216034
4533,0.7182142925911023
4542,0.6045876395378532
4543,0.2823870739396362
4544,0.3488318680260138
4547,0.30687178092345635
4548,0.24292810782087768
4549,0.8311927477300448
4551,0.7798088515779834
4555,0.2861672817265725
4565,0.3404189943597268
4566,0.3300271056623702
4569,0.667944549107801
4571,0.5208964714209725
4572,0.7769717539858554
4580,0.24077978461379337
4583,0.4558989652231939
4592,0.8415441819083299
4598,0.5747473418683451
4611,0.85500962985546
4612,0.760605847767256
4613,0.38430975961164104
4616,0.22267552633130827
4621,0.5361323914768816
4627,0.30687178092345635
4632,0.6817669863902047
4636,0.32308120419151537
4637,0.0163325855991511
4642,0.2120703494945275
4646,0.06960067725115911
4654,0.29403134680540516
4658,0.2144819895302344
4659,0.8258959464404939
4662,0.47700425870716967
4670,0.20649872657687648
4673,0.8143910608345439
4675,0.39682600766078907
4681,0.09484913420821171
4682,0.6394391069963108
4683,0.14102701271104512
4688,0.28422429385087794
4699,0.7591335054366096
4711,0.06843309316251575
4718,0.4792443073456498
4719,0.7836827456417785
4720,0.24642397486272277
4721,0.38143440831432945
4723,0.631149564474119
4729,0.3300271056623702
4735,0.3517136634008493
4736,0.47767647154625975
4737,0.44842988661803923
4744,0.5182202599679221
4748,0.6394391069963108
4749,0.031606524437431276
4752,0.7074224517187266
4754,0.38555501872889636
4757,0.8143043564216034
4759,0.5884804110701017
4770,0.2559602154736536
4777,0.1039252386036376
4779,0.8633781438562067
4780,0.17384533806023916
4784,0.788745198328252
4785,0.5795197251736168
4788,0.45607405897028525
4792,0.5842185343187684
4795,0.28496016507318633
4797,0.14289319511822982
4798,0.12621205784434578
4799,0.303019648172463
4802,0.3427927133686479
4804,0.2850594620206507
4805,0.5426737211945937
4806,0.747757789433467
4807,0.6222283264367847
4809,0.3700327843345768
4820,0.8595348830342606
4821,0.029370338252960832
4822,0.19214364099635753
4826,0.4989147582096889
4831,0.424294720913907
4835,0.8017784717282012
4841,0.12836535691357606
4843,0.5800392000169392
4846,0.49341585477580074
4849,0.3226011772228445
4853,0.4741683582762453
4854,0.6832718336869232
4858,0.8108460273359029
4859,0.668423427335463
4867,0.4396241415257846
4869,0.41643779949836224
4873,0.7798088515779834
4875,0.8311227971305063
4876,0.6620461448283871
4887,0.15195530522394926
4889,0.06725988204343838
4891,0.8440046826319944
4892,0.46093621189832756
4893,0.7194217203141609
4895,0.2827685585628073
4910,0.7186034410105014
4911,0.27098242996809024
4916,0.041086254177381834
4924,0.28496016507318633
4926,0.8210762635112445
4929,0.6394391069963108
4931,0.3116540057568646
4933,0.3419789238399481
4944,0.6219405776841033
4946,0.301207590096592
4948,0.28024716921830695
4964,0.4346034207344689
4968,0.06845136386713065
4971,0.20239625194024924
4972,0.35006755836933223
4973,0.7058475353914162
4976,0.4448055747070273
4978,0.8536734085381137
4980,0.321502648398046
4992,0.32308120419151537
5000,0.3011542266207235
5005,0.19368362692730628
5016,0.22646591896142812
5024,0.3305401694182452
5029,0.2752820962156983
5031,0.030513383502488136
5032,0.6580187342641662
5034,0.018414513399028522
5042,0.3980144789001766
5047,0.33151620185201425
5051,0.07147246058505692
5052,0.4448055747070273
5053,0.5865164254282841
5056,0.8417898240841644
5063,0.4710031934247582
5068,0.4289328171272733
5073,0.3517136634008493
5083,0.11042160071983036
5085,0.4710031934247582
5088,0.6086737543208679
5092,0.3488318680260138
5098,0.26632768845382376
5104,0.07507493942655956
5109,0.2023962519402493
5115,0.5325015171597234
5116,0.42714641306217965
5122,0.7520168067179865
5124,0.695446928332201
5126,0.19783526862379125
5127,0.43169621327723584
5131,0.6877963629347429
5134,0.10643529276648049
5135,0.2350726051454272
5136,0.6808304350447224
5139,0.4835830317111253
5142,0.2224658002571948
5145,0.5414597164916947
5147,0.1026111399567758
5150,0.16949493067734878
5158,0.4225465183749772
5161,0.023130188662389587
5172,0.039834438745005855
5173,0.5471017632579636
5175,0.45015610088850483
5177,0.8287794063221021
5181,0.5539045717646213
5182,0.12285345198697592
5188,0.8356006251663792
5191,0.5500928510769219
5197,0.7983530069281946
5203,0.7363272079335927
5207,0.5075468243196427
5208,0.7363272079335927
5211,0.13635755851088494
5215,0.272079577056171
5217,0.47193945386769953
5222,0.68722473323597
5225,0.9010456152264943
5226,0.2889168158916983
5232,0.16729147138978756
5233,0.7798088515779834
5236,0.5758174418797902
5237,0.17408263442932237
5240,0.4609222272962976
5248,0.7284866053466748
5249,0.3722115175045773
5254,0.5227312494509456
5256,0.18009190258207095
5258,0.44125484522561265
5262,0.1338332455319029
5264,0.3331197846902854
5268,0.20128623003189813
5276,0.4875325120299728
5279,0.3137657181142595
5280,0.22786896476326038
5287,0.668423427335463
5289,0.6550133920464889
5290,0.3116540057568646
5293,0.05460083715931669
5295,0.24514600376707285
5297,0.72545270478002
5298,0.7769717539858554
5299,0.19357421557921012
5301,0.8604051882624028
5305,0.22765668300485753
5308,0.499151330369521
5311,0.7363272079335927
5315,0.5617723392807454
5319,0.607305848491656
5320,0.23283844518389063
5323,0.7989682392674511
5334,0.3517136634008493
5336,0.3488318680260138
5342,0.32308120419151537
5343,0.32683212727780686
5348,0.7334146013115449
5350,0.5727697417537206
5352,0.18381582082367146
5353,0.48530265123249655
5358,0.7397344856517413
5370,0.45812943829812347
5373,0.8414126925228574
5376,0.37136735229203016
5383,0.7370190436074618
5387,0.40362698135537933
5390,0.3857079621620261
5392,0.18669642115570648
5393,0.6202100919986162
5399,0.10643529276648049
5401,0.7729763659216856
5408,0.35742048422889566
5415,0.13734138459986125
5421,0.155470411756756
5423,0.40862051159457174
5429,0.33641891570850174
5431,0.592438449470198
5442,0.6262055055228803
5443,0.07634754765460099
5445,0.7347923505001929
5449,0.2346511159948168
5450,0.3857889803575434
5463,0.14455421385065478
5467,0.0437564653258889
5468,0.3705243086037729
5475,0.2023962519402493
5479,0.3809925456599704
5486,0.7490393544249765
5490,0.272079577056171
5496,0.41655893802284893
5497,0.4083428642884364
5504,0.2740885975164894
5511,0.5325404841359945
5512,0.7502235425676479
5524,0.7570217899847166
5526,0.6265519422011733
5529,0.42401964028913386
5530,0.6472108434926789
5534,0.7849175976689976
5535,0.7219571287917533
5536,0.22765668300485753
5539,0.4387906834408653
5541,0.19105080334955252
5545,0.144291486421524
5554,0.5873926743560823
5560,0.16434156920137946
5565,0.9023703447774766
5567,0.029858521943499236
5569,0.8366321790475901
5575,0.059110941000843985
5578,0.34716913433290686
5580,0.48358176505699585
5581,0.37805697530371185
5582,0.7666061485647881
5585,0.10735609059209678
5588,0.11850267156397527
5592,0.5409991369524946
5596,0.6789144790006925
5600,0.8581564197681076
5604,0.13734138459986125
5611,0.29210085595413077
5615,0.303019648172463
5616,0.5227312494509456
5618,0.28024716921830695
5619,0.22664213453805562
5622,0.14531923513978984
5625,0.22267552633130827
5630,0.011616623058759313
5637,0.26698113721948225
5640,0.38257786200106986
5644,0.248687232400712
5645,0.49603489508395804
5651,0.7143195365299907
5657,0.37321996284185416
5667,0.6979514414003757
5675,0.7186983877289358
5685,0.4558989652231939
5690,0.155470411756756
5691,0.3933385778947122
5695,0.407932482818592
5699,0.4429015008674911
5703,0.4113580601722399
5713,0.23835636640848787
5721,0.4188628419137749
5725,0.44461573643142327
5726,0.15693336488559695
5727,0.2889168158916983
5730,0.8172341110614891
5731,0.15939629346856346
5732,0.3517136634008493
5734,0.7904076372338312
5739,0.7749667158132687
5742,0.12732776410169588
5745,0.3517136634008493
5750,0.48358176505699585
5754,0.22981122599095113
5757,0.22267552633130827
5759,0.418685339236976
5760,0.03956330718026624
5764,0.16949493067734878
5765,0.3535124229475944
5772,0.6926510366417161
5778,0.5642238009020575
5779,0.20607818695328256
5788,0.39269552872412095
5791,0.6531471978425188
5794,0.1464870783026745
5795,0.8108460273359029
5796,0.17749315604490748
5797,0.47193945386769953
5800,0.7669863605990087
5801,0.328843257558459
5811,0.3351262986193532
5847,0.668423427335463
5851,0.5721153016614905
5853,0.5471017632579636
5854,0.16949493067734878
5855,0.2185631038570011
5864,0.5258320119619108
5868,0.5300202478312945
5869,0.8906346487300731
5870,0.303019648172463
5872,0.17384533806023916
5877,0.790344803287384
5878,0.7074224517187266
5881,0.4682734964776895
5883,0.08749689815775412
5886,0.20128623003189813
5892,0.32308120419151537
5895,0.7261979594211441
5898,0.9187930255472534
5906,0.30338827306412264
5913,0.07708720304985288
5915,0.11790156427811471
5917,0.8931844167943634
5919,0.10815791409928387
5932,0.6808304350447224
5941,0.30680406628552814
5947,0.8525649627757333
5949,0.47888067195414225
5951,0.5539045717646213
5954,0.41643779949836224
5959,0.49819183297810804
5961,0.8235583891256552
5966,0.6083338224867344
5971,0.5036614473428761
5975,0.8864913135573588
5977,0.03993587526514542
5980,0.7187711317181492
5984,0.15679834749680274
5985,0.32261637307243024
5986,0.10643529276648049
5988,0.7726246161648912
5989,0.18381582082367146
5991,0.27517211182934537
5996,0.7332218287619758
5997,0.7361434962784913
5999,0.5607659396320971
6002,0.5101857698936101
6007,0.7000417106749293
6010,0.82816327727579
6011,0.5485470214783927
6015,0.5925623539958199
6016,0.27102572828732047
6019,0.7074564596271432
6024,0.30687178092345635
6028,0.811809441343466
6030,0.47160417593373893
6031,0.4079777043955049
6035,0.35006755836933223
6038,0.03136543496389109
6039,0.401888530543141
6042,0.2346511159948168
6051,0.27517211182934537
6063,0.033971521744412585
6065,0.03485152934363879
6070,0.4810656226452227
6077,0.1251580995038342
6085,0.5492978353892785
6090,0.14875823967587312
6094,0.6857882944323823
6097,0.668423427335463
6102,0.034526252677107634
6103,0.1642014195481658
6117,0.1495801137932391
6122,0.07708720304985288
6132,0.561754101325485
6136,0.5972099248060686
6148,0.7000417106749293
6150,0.10340713452916671
6158,0.7763232716832168
6164,0.7559038631536127
6166,0.8311583125673415
6168,0.7194546351075665
6170,0.12809454303795284
6172,0.6219405776841033
6177,0.6942272065361536
6181,0.6155661303507621
6184,0.7332218287619758
6185,0.695446928332201
6190,0.3137657181142595
6196,0.44906185625825085
6197,0.5721645411583939
6205,0.1039252386036376
6208,0.8030738533124373
6212,0.6389409798522284
6229,0.7818669999669763
6230,0.5236198498675055
6231,0.2208156270950123
6233,0.5075468243196427
6235,0.5749882499420328
6238,0.11924169382466336
6241,0.7051722692897667
6242,0.38257786200106986
6254,0.5494414912880584
6265,0.8235583891256552
6269,0.3299840895075156
6278,0.18373339305823225
6283,0.8025386594352408
6287,0.2977618088693349
6288,0.47160417593373893
6293,0.6103664632061084
6294,0.601549980434514
6295,0.7636512409562793
6297,0.8346054027215349
6299,0.6856691765624352
6303,0.8920820599165006
6305,0.1961016820558201
6310,0.2197430821780878
6313,0.222669659990055
6316,0.5258320119619108
6320,0.10340713452916671
6322,0.11944800657522882
6327,0.7751104782714062
6331,0.28024716921830695
6335,0.41094675317068746
6349,0.4061881182421349
6359,0.1682378320820881
6360,0.7504266572780401
6363,0.1338332455319029
6371,0.5002639465492847
6373,0.2752820962156983
6374,0.07000335661529493
6376,0.30687178092345635
6378,0.6085366952645429
6383,0.14296739675390188
6387,0.34116638807659977
6390,0.4448055747070273
6394,0.03632457457160783
6396,0.8324159321799774
6397,0.7074224517187266
6401,0.23853988553260747
6402,0.15512293458350604
6404,0.13271752233799922
6406,0.0497270105770258
6407,0.7000417106749293
6413,0.03610998687057932
6416,0.35444591144534776
6420,0.30186687312230764
6427,0.6235795250395231
6432,0.07953286333239411
6437,0.20385113994865067
6439,0.36763181811893614
6448,0.6921484896573891
6456,0.10193046566738413
6457,0.03701641830458634
6461,0.220144378530711
6469,0.23853988553260747
6470,0.7837485844138175
6472,0.5738637205346397
6484,0.21541228590968467
6489,0.8018542359431629
6490,0.407932482818592
6491,0.07949188801543429
6493,0.15936981527562663
6501,0.10916165535836456
6506,0.08307801045196604
6508,0.6911103371120131
6514,0.4710388147576592
6528,0.15512293458350604
6530,0.68722473323597
6531,0.3358948717997616
6534,0.6180618207594839
6537,0.7517777580909404
6541,0.788745198328252
6544,0.2144819895302344
6545,0.6394391069963108
6546,0.2848482107182794
6557,0.6939673264325934
6563,0.3300271056623702
6565,0.49903635697823595
6567,0.13635755851088494
6574,0.6389409798522284
6585,0.6877963629347429
6588,0.5795663780164049
6592,0.6109077446441424
6593,0.7417597780030322
6596,0.08086613856425867
6598,0.5074645360737461
6600,0.30338827306412264
6601,0.009362694600939012
6603,0.2977618088693349
6614,0.20128623003189813
6616,0.5005534098813278
6617,0.9217285364455391
6619,0.5732266142473673
6622,0.3950974429805106
6628,0.8287794063221021
6629,0.3809328673375119
6640,0.5381883700081866
6645,0.6509607516424021
6650,0.3419789238399481
6655,0.28133963385170146
6657,0.14531923513978984
6665,0.3258135212293826
6668,0.40108667094648454
6673,0.8120628011763975
6675,0.2977618088693349
6677,0.4731688220710695
6690,0.08364436474839772
6694,0.4083428642884364
6700,0.44937891048087497
6705,0.546582981879847
6707,0.691984236488802
6708,0.06519600399831788
6709,0.3360397631290619
6713,0.4937674306892698
6717,0.28024716921830695
6719,0.7798088515779834
6731,0.5855598170295999
6736,0.37136735229203016
6737,0.37450558946517143
6738,0.5795197251736168
6748,0.37450558946517143
6756,0.4875325120299728
6757,0.052240626197747865
6767,0.6835897632331199
6776,0.09337461542731564
6777,0.44461573643142327
6779,0.43920565961283187
6788,0.2193315766347167
6799,0.7288533437564114
6801,0.317880414216758
6802,0.8679546782064687
6806,0.24534836452231656
6809,0.5581250264309231
6815,0.6195682289417624
6818,0.14661443951767156
6819,0.321502648398046
6833,0.22799081460667267
6838,0.47143794675722217
6842,0.31154967059280214
6863,0.6149689619946624
6873,0.5545619273070282
6881,0.2528154247732986
6890,0.6339147914337132
6892,0.27665959059240075
6893,0.4132412029679741
6895,0.2561658538611103
6905,0.5657232787734927
6910,0.6256522286247096
6912,0.3258135212293826
6914,0.8638861287939793
6916,0.2703188805174026
6927,0.7890992666201033
6933,0.8034942978245915
6937,0.13122300866571865
6938,0.2346511159948168
6941,0.4879959669939236
6944,0.14676427204548495
6945,0.47700425870716967
6949,0.5561047216289884
6954,0.6823376475477673
6959,0.2711472584326269
6961,0.37501088880700795
6962,0.20189913360203482
6966,0.7566531025478415
6967,0.26698113721948225
6968,0.33557486157344046
6970,0.8243546865052122
6971,0.07214197199396372
6975,0.509020178926678
6977,0.3933385778947122
6978,0.04675869611266078
6987,0.222669659990055
6990,0.18255064976924393
6997,0.13635755851088494
7000,0.009362694600939012
7004,0.6503675323395122
7010,0.12796109831679878
7011,0.17731055198457119
7012,0.11592952587480898
7014,0.27665959059240075
7015,0.1537285612875571
7022,0.6532261614110266
7023,0.5005534098813278
7026,0.5420999522155693
7027,0.49819183297810804
7031,0.34104156830831395
7035,0.9568702990934352
7040,0.03636238136934096
7041,0.6377711597696668
7052,0.43742636694886045
7055,0.28773096858852243
7056,0.8143043564216034
7063,0.5263074245214525
7067,0.03313478696049403
7073,0.4083428642884364
7079,0.1912818008203363
7091,0.08086613856425867
7092,0.791985188604131
7094,0.041086254177381834
7095,0.6285440665832013
7098,0.5888050785443585
7099,0.5739173150514697
7101,0.06845136386713065
7113,0.16275660285920704
7119,0.3456066210007168
7121,0.13635755851088494
7125,0.06225039900298484
7134,0.30680406628552814
7136,0.5086175670305466
7138,0.20575720861686358
7143,0.11469839699970986
7146,0.5280384993787433
7147,0.47193945386769953
7152,0.08746669849610855
7154,0.6255135916999857
7158,0.44584179392691076
7161,0.46470403325647003
7164,0.8991201885685836
7172,0.5414597164916947
7176,0.7656922410495204
7178,0.8172341110614891
7179,0.3512290120049539
7183,0.8727057334230616
7185,0.4164460358542138
7186,0.18925917767560818
7192,0.38291312205814354
7199,0.42401964028913386
7200,0.7279815134306031
7206,0.42119764820811223
7208,0.4396241415257846
7209,0.12543959797355037
7215,0.43920565961283187
7222,0.2861672817265725
7227,0.502766326841711
7228,0.5230518075591687
7230,0.3488318680260138
7232,0.2687209235017637
7233,0.36559500566674635
7236,0.20435964782268248
7237,0.34376509848996917
7242,0.41133189631802064
7250,0.06516473855020284
7253,0.06850643631344172
7257,0.41930662790187073
7263,0.155470411756756
7267,0.47816793662316925
7269,0.15270803413279202
7270,0.5938553927314326
7271,0.5036614473428761
7276,0.3116540057568646
7280,0.8263819809206997
7289,0.09337746494907327
7292,0.7984657923894334
7297,0.6887218193138825
7302,0.6212930291141376
7304,0.32182702674235225
7308,0.6414696697693257
7316,0.5262370304033036
7317,0.31645608353644916
7319,0.3190335082059659
7322,0.30297356884685306
7324,0.2124258527820109
7325,0.7128219813810698
7329,0.38659858224115273
7335,0.22267552633130827
7339,0.10255635671518716
7343,0.2185631038570011
7348,0.24709544007257894
7353,0.4396241415257846
7357,0.30687178092345635
7363,0.33641891570850174
7366,0.03956330718026624
7369,0.03956330718026624
7374,0.29996841568286253
7377,0.8356006251663792
7380,0.3789881664712064
7384,0.32308120419151537
7385,0.42401964028913386
7392,0.7026148374987048
7394,0.2757968996189844
7400,0.810251039857916
7403,0.8525649627757333
7405,0.7096882368408771
7407,0.12454277903674629
7408,0.5145423891396916
7411,0.8324159321799774
7420,0.4113580601722399
7433,0.6948696620976536
7438,0.8183558570605951
7444,0.3300271056623702
7447,0.7364232797674158
7448,0.33511879873464595
7454,0.10340713452916671
7455,0.28709787327721986
7457,0.8775152326580744
7462,0.16949493067734878
7465,0.29906710754608423
7468,0.6396663431707689
7476,0.37450558946517143
7482,0.461222473158113
7489,0.686242351237322
7491,0.9154559177666296
7493,0.155470411756756
7502,0.5237132042659602
7507,0.582743771253068
7513,0.370993637262489
7514,0.51018576989361
7515,0.36487044552296277
7516,0.3300271056623702
7519,0.5634666270835373
7524,0.6174335290517817
7526,0.07100378087330789
7532,0.8034942978245915
7547,0.48358176505699585
7550,0.5642238009020575
7551,0.5317362321494427
7554,0.16536514656165952
7555,0.2757968996189844
7556,0.4387989722568295
7559,0.7656922410495204
7566,0.07812060108155403
7572,0.7332218287619758
7574,0.3950450648774823
7577,0.6835897632331199
7581,0.28738247809115675
7583,0.1824831673531029
7585,0.049391676285135834
7595,0.1532828503784074
7603,0.18373339305823225
7604,0.7532896159311255
7623,0.2827685585628073
7625,0.4913933269032028
7629,0.18877768390311234
7630,0.07862520975130682
7631,0.08892530053556356
7632,0.6128716127276159
7635,0.1856500513531613
7638,0.8155791980304611
7643,0.20792542409733625
7644,0.21920684185279599
7645,0.4266440823212864
7648,0.17408263442932237
7661,0.6774015211364272
7663,0.2949604276288258
7667,0.5767931995009639
7675,0.15642169962224794
7679,0.2462938710391349
7689,0.686242351237322
7690,0.3950974429805106
7693,0.601549980434514
7694,0.27022626599008237
7696,0.7990464933359126
7699,0.2083707324327346
7707,0.5036614473428761
7711,0.8172341110614891
7715,0.6222283264367847
7716,0.5695485366431634
7721,0.30687178092345635
7724,0.31070261924728765
7725,0.7186034410105014
7728,0.09740590096595073
7734,0.0215795109775768
7736,0.8046705368061028
7738,0.8249783542355271
7742,0.4195077586575549
7744,0.5325404841359945
7749,0.7420076316646514
7751,0.10643529276648049
7755,0.4075337093839386
7758,0.686242351237322
7759,0.5545619273070282
7766,0.7261476402020258
7769,0.7798088515779834
7771,0.16949493067734878
7777,0.2823870739396362
7788,0.10614950189755819
7791,0.5388369610682203
7801,0.3980144789001766
7806,0.17810415015032371
7809,0.03676348190260321
7813,0.7262467506316339
7817,0.47052902622199366
7819,0.0175341179520997
7829,0.8595545698560206
7831,0.7194546351075665
7833,0.03485152934363879
7834,0.05510552070041796
7838,0.7568052758997962
7840,0.1347124126504117
7843,0.2888717919774625
7848,0.5452253120807666
7849,0.7729763659216856
7850,0.8525649627757333
7857,0.023804532219412294
7861,0.19075419678477804
7869,0.03786918218687403
7872,0.6163665875034854
7875,0.5320027609847335
7876,0.3116540057568646
7877,0.5795197251736168
7885,0.09592479982370801
7887,0.8414126925228574
7888,0.4038642819248484
7891,0.7856832568736695
7892,0.2889168158916983
7894,0.8296702455921405
7901,0.5581250264309231
7903,0.37158999708276935
7908,0.1148620786138992
7911,0.6347722004997879
7912,0.46093621189832756
7913,0.8536734085381137
7915,0.7407117287693051
7916,0.3427927133686479
7921,0.2850594620206507
7923,0.2007400123016215
7927,0.7626910068053437
7928,0.5607659396320971
7932,0.6487833412408764
7934,0.7794901816521324
7948,0.27102572828732047
7960,0.4509923789376972
7961,0.02968348571766244
7963,0.34116638807659977
7967,0.5182202599679221
7968,0.6531323803449596
7971,0.49851933153841427
7973,0.5320027609847335
7980,0.7026148374987048
7982,0.3134634734424736
7984,0.6219405776841033
7988,0.6261514764817895
